USE RMCDatabase;

INSERT INTO student (username, full_name, profileType, major, home_college, linkedin)
VALUES ('rodriguez.a24', 'Alejandro Rodriguez', 'Past Co-Op', 'Electrical Engineering', 'COE', 'www.linkedin.com/in/rodriguez-a/');

INSERT INTO student (username, full_name, profileType, major, home_college)
VALUES ('chen.m2025', 'Ming Chen', 'Past Co-Op', 'Cybersecurity', 'Khoury');

INSERT INTO student (username, full_name, profileType, major, home_college, linkedin)
VALUES ('thompson.emma', 'Emma Thompson', 'Past Co-Op', 'Chemistry', 'COS', 'www.linkedin.com/in/thompson-emma/');

INSERT INTO student (username, full_name, profileType, major, home_college)
VALUES ('kim.s2024', 'Sophia Kim', 'Current Seeker', 'Biomedical Engineering', 'COE');

INSERT INTO student (username, full_name, profileType, major, home_college)
VALUES ('martinez.d25', 'Daniel Martinez', 'Current Seeker', 'Business', 'D''Amore-McKim');

INSERT INTO student (username, full_name, profileType, major, home_college)
VALUES ('patel.r', 'Rohan Patel', 'Current Seeker', 'Data Science', 'Khoury');

INSERT INTO student (username, full_name, profileType, major, home_college)
VALUES ('williams.o2026', 'Owen Williams', 'Current Seeker', 'English', 'CAMD');

INSERT INTO student (username, full_name, profileType, major, home_college, linkedin)
VALUES ('nguyen.liam', 'Liam Nguyen', 'Past Co-Op', 'Biomedical Engineering', 'COE', 'www.linkedin.com/in/nguyen-liam/');

INSERT INTO student (username, full_name, profileType, major, home_college, linkedin)
VALUES ('baker.z23', 'Zachary Baker', 'Past Co-Op', 'Business', 'D''Amore-McKim', 'www.linkedin.com/in/baker-z/');

INSERT INTO student (username, full_name, profileType, major, home_college)
VALUES ('garcia.e', 'Elena Garcia', 'Current Seeker', 'Electrical Engineering', 'COE');

INSERT INTO student (username, full_name, profileType, major, home_college, linkedin)
VALUES ('jones.isabella', 'Isabella Jones', 'Past Co-Op', 'Electrical Engineering', 'COE', 'www.linkedin.com/in/jones-isabella/');

INSERT INTO student (username, full_name, profileType, major, home_college)
VALUES ('lee.n2025', 'Nathan Lee', 'Current Seeker', 'Electrical Engineering', 'COE');

INSERT INTO student (username, full_name, profileType, major, home_college, linkedin)
VALUES ('wilson.a', 'Ava Wilson', 'Past Co-Op', 'Media Arts', 'CAMD', 'www.linkedin.com/in/wilson-a/');

INSERT INTO student (username, full_name, profileType, major, home_college, linkedin)
VALUES ('brown.caleb', 'Caleb Brown', 'Past Co-Op', 'Neuroscience', 'COS', 'www.linkedin.com/in/brown-caleb/');

INSERT INTO student (username, full_name, profileType, major, home_college, linkedin)
VALUES ('taylor.j24', 'Julia Taylor', 'Past Co-Op', 'Psychology', 'Bouve', 'www.linkedin.com/in/taylor-j/');

INSERT INTO student (username, full_name, profileType, major, home_college, linkedin)
VALUES ('clark.m2023', 'Michael Clark', 'Past Co-Op', 'Philosophy', 'COSSH', 'www.linkedin.com/in/clark-m/');

INSERT INTO student (username, full_name, profileType, major, home_college, linkedin)
VALUES ('moore.ben', 'Benjamin Moore', 'Past Co-Op', 'Media Arts', 'CAMD', 'www.linkedin.com/in/moore-ben/');

INSERT INTO student (username, full_name, profileType, major, home_college, linkedin)
VALUES ('cooper.h', 'Hannah Cooper', 'Past Co-Op', 'Biomedical Engineering', 'COE', 'www.linkedin.com/in/cooper-h/');

INSERT INTO student (username, full_name, profileType, major, home_college)
VALUES ('white.d2026', 'David White', 'Current Seeker', 'Business', 'D''Amore-McKim');

INSERT INTO student (username, full_name, profileType, major, home_college, linkedin)
VALUES ('davis.lily', 'Lily Davis', 'Past Co-Op', 'Data Science', 'Khoury', 'www.linkedin.com/in/davis-lily/');

INSERT INTO student (username, full_name, profileType, major, home_college)
VALUES ('miller.j', 'James Miller', 'Current Seeker', 'Data Science', 'Khoury');

INSERT INTO student (username, full_name, profileType, major, home_college)
VALUES ('lopez.s2024', 'Sophia Lopez', 'Current Seeker', 'Media Arts', 'CAMD');

INSERT INTO student (username, full_name, profileType, major, home_college)
VALUES ('scott.alex', 'Alexander Scott', 'Current Seeker', 'Philosophy', 'COSSH');

INSERT INTO student (username, full_name, profileType, major, home_college, linkedin)
VALUES ('hall.grace', 'Grace Hall', 'Past Co-Op', 'Psychology', 'Bouve', 'www.linkedin.com/in/hall-grace/');

INSERT INTO student (username, full_name, profileType, major, home_college)
VALUES ('green.l2025', 'Lucas Green', 'Current Seeker', 'Neuroscience', 'COS');

INSERT INTO student (username, full_name, profileType, major, home_college, linkedin)
VALUES ('king.emma', 'Emma King', 'Past Co-Op', 'Journalism', 'CAMD', 'www.linkedin.com/in/king-emma/');

INSERT INTO student (username, full_name, profileType, major, home_college, linkedin)
VALUES ('adams.ryan', 'Ryan Adams', 'Past Co-Op', 'Cybersecurity', 'Khoury', 'www.linkedin.com/in/adams-ryan/');

INSERT INTO student (username, full_name, profileType, major, home_college, linkedin)
VALUES ('carter.o', 'Olivia Carter', 'Past Co-Op', 'Neuroscience', 'COS', 'www.linkedin.com/in/carter-o/');

INSERT INTO student (username, full_name, profileType, major, home_college)
VALUES ('turner.e2026', 'Ethan Turner', 'Current Seeker', 'Chemical Engineering', 'COE');

INSERT INTO student (username, full_name, profileType, major, home_college)
VALUES ('phillips.a', 'Andrew Phillips', 'Current Seeker', 'Biomedical Engineering', 'COE');

INSERT INTO student (username, full_name, profileType, major, home_college)
VALUES ('rivera.sebastian', 'Sebastian Rivera', 'Current Seeker', 'Public Health', 'Bouve');

INSERT INTO student (username, full_name, profileType, major, home_college)
VALUES ('evans.m2025', 'Mia Evans', 'Current Seeker', 'Nursing', 'Bouve');

INSERT INTO student (username, full_name, profileType, major, home_college, linkedin)
VALUES ('edwards.chris', 'Chris Edwards', 'Past Co-Op', 'Chemistry', 'COS', 'www.linkedin.com/in/edwards-chris/');

INSERT INTO student (username, full_name, profileType, major, home_college)
VALUES ('collins.n', 'Noah Collins', 'Current Seeker', 'Media Arts', 'CAMD');

INSERT INTO student (username, full_name, profileType, major, home_college, linkedin)
VALUES ('sanders.w', 'William Sanders', 'Past Co-Op', 'Business', 'D''Amore-McKim', 'www.linkedin.com/in/sanders-w/');

INSERT INTO data_analyst (email, name, role) VALUES ('fchree0@gmail.com', 'Fredrick Chree', 'Data Analyst');
INSERT INTO data_analyst (email, name, role) VALUES ('cbaldassi1@outlook.com', 'Chuck Baldassi', 'IT Support Specialist');
INSERT INTO data_analyst (email, name, role) VALUES ('avasechkin2@gmail.com', 'Arielle Vasechkin', 'Data Engineer');
INSERT INTO data_analyst (email, name, role) VALUES ('fbrittle3@hotmail.com', 'Freda Brittle', 'Data Support Specialist');
INSERT INTO data_analyst (email, name, role) VALUES ('gfrichley4@gmail.com', 'Grethel Frichley', 'Compensation Analyst');
INSERT INTO data_analyst (email, name, role) VALUES ('abilverstone5@outlook.com', 'Agna Bilverstone', 'Accounting Analyst');
INSERT INTO data_analyst (email, name, role) VALUES ('lmc6@gmail.com', 'Leyla Mc Kellen', 'Administrative Analyst');
INSERT INTO data_analyst (email, name, role) VALUES ('korbon7@outlook.com', 'Kat Orbon', 'Compensation Analyst');
INSERT INTO data_analyst (email, name, role) VALUES ('bshortell8@yahoo.com', 'Barnabas Shortell', 'Tax Analyst');
INSERT INTO data_analyst (email, name, role) VALUES ('jahrend9@gmail.com', 'Jocelin Ahrend', 'Data Engineer');
INSERT INTO data_analyst (email, name, role) VALUES ('cbecceroa@gmail.com', 'Chrissy Beccero', 'Environmental Data Analyst');
INSERT INTO data_analyst (email, name, role) VALUES ('rjobeb@gmail.com', 'Roderich Jobe', 'Data Engineer');
INSERT INTO data_analyst (email, name, role) VALUES ('khubbuckec@outlook.com', 'Kassandra Hubbucke', 'Research Scientist');
INSERT INTO data_analyst (email, name, role) VALUES ('emithamd@gmail.com', 'Elissa Mitham', 'Project Analyst');
INSERT INTO data_analyst (email, name, role) VALUES ('vfabere@gmail.com', 'Vasilis Faber', 'Professor of Data Analytics');
INSERT INTO data_analyst (email, name, role) VALUES ('myeatesf@gmail.com', 'Matilda Yeates', 'HR Data Manager');
INSERT INTO data_analyst (email, name, role) VALUES ('frewcassellg@outlook.com', 'Farris Rewcassell', 'Account Executive - Data');
INSERT INTO data_analyst (email, name, role) VALUES ('cdoughtonh@gmail.com', 'Cloe Doughton', 'Programmer Analyst II');
INSERT INTO data_analyst (email, name, role) VALUES ('vkaesmakersi@gmail.com', 'Velma Kaesmakers', 'Statistician');
INSERT INTO data_analyst (email, name, role) VALUES ('smuntonj@gmail.com', 'Sinclare Munton', 'Design Engineer - Data Systems');
INSERT INTO data_analyst (email, name, role) VALUES ('cbrandaccik@outlook.com', 'Caritta Brandacci', 'Occupational Data Specialist');
INSERT INTO data_analyst (email, name, role) VALUES ('pcastellettil@gmail.com', 'Patten Castelletti', 'Compensation Analyst');
INSERT INTO data_analyst (email, name, role) VALUES ('nharleym@gmail.com', 'Norma Harley', 'Data Speech Specialist');
INSERT INTO data_analyst (email, name, role) VALUES ('vdissmann@gmail.com', 'Vale Dissman', 'Statistician');
INSERT INTO data_analyst (email, name, role) VALUES ('braymeno@gmail.com', 'Brigham Raymen', 'Assistant Professor of Data Science');
INSERT INTO data_analyst (email, name, role) VALUES ('arussp@outlook.com', 'Augustine Russ', 'Data Coordinator');
INSERT INTO data_analyst (email, name, role) VALUES ('jbouldenq@hotmail.com', 'Jerrylee Boulden', 'Product Data Engineer');
INSERT INTO data_analyst (email, name, role) VALUES ('yadamowiczr@gmail.com', 'Yuri Adamowicz', 'Data Engineer II');
INSERT INTO data_analyst (email, name, role) VALUES ('rbillisons@outlook.com', 'Richart Billison', 'Nuclear Data Analyst');
INSERT INTO data_analyst (email, name, role) VALUES ('cweldraket@gmail.com', 'Cati Weldrake', 'Analyst Programmer');

INSERT INTO company (industry, name) VALUES ('Insurance', 'Voolia');
INSERT INTO company (industry, name) VALUES ('Manufacturing', 'Realblab');
INSERT INTO company (industry, name) VALUES ('Automobile Manufacturing', 'Jamia');
INSERT INTO company (industry, name) VALUES ('Medical Devices', 'Meevee');
INSERT INTO company (industry, name) VALUES ('Real Estate', 'Centizu');
INSERT INTO company (industry, name) VALUES ('Chemicals', 'Chatterbridge');
INSERT INTO company (industry, name) VALUES ('Technology', 'Jabberstorm');
INSERT INTO company (industry, name) VALUES ('Technology', 'Linklinks');
INSERT INTO company (industry, name) VALUES ('Technology', 'Leenti');
INSERT INTO company (industry, name) VALUES ('Energy', 'Zoozzy');
INSERT INTO company (industry, name) VALUES ('Biotechnology', 'Tagpad');
INSERT INTO company (industry, name) VALUES ('Technology', 'Twitterbridge');
INSERT INTO company (industry, name) VALUES ('Healthcare', 'Edgewire');
INSERT INTO company (industry, name) VALUES ('Home Furnishings', 'Oba');
INSERT INTO company (industry, name) VALUES ('Food and Beverage', 'Vimbo');
INSERT INTO company (industry, name) VALUES ('Technology', 'Devpulse');
INSERT INTO company (industry, name) VALUES ('Metals and Mining', 'Avamm');
INSERT INTO company (industry, name) VALUES ('Manufacturing', 'Youfeed');
INSERT INTO company (industry, name) VALUES ('Technology', 'Twitterbridge');
INSERT INTO company (industry, name) VALUES ('Chemicals', 'Blognation');
INSERT INTO company (industry, name) VALUES ('Retail', 'Wikivu');
INSERT INTO company (industry, name) VALUES ('Technology', 'Topicblab');
INSERT INTO company (industry, name) VALUES ('Technology', 'Trilith');
INSERT INTO company (industry, name) VALUES ('Energy', 'Rhyloo');
INSERT INTO company (industry, name) VALUES ('Media and Entertainment', 'Ooba');
INSERT INTO company (industry, name) VALUES ('Banking and Finance', 'Kazio');
INSERT INTO company (industry, name) VALUES ('Technology', 'Trudeo');
INSERT INTO company (industry, name) VALUES ('Real Estate', 'Skinder');
INSERT INTO company (industry, name) VALUES ('Home Furnishings', 'Camido');
INSERT INTO company (industry, name) VALUES ('Insurance', 'Meetz');

INSERT INTO coop_position (company_id, industry, workload, hourly_wage, title, avg_rating, description)
VALUES (1, 'Insurance', 'Average', 35.42, 'Recruiter Intern', 3.3, 'Assist in identifying and recruiting candidates for open insurance roles.');

INSERT INTO coop_position (company_id, industry, workload, hourly_wage, title, avg_rating, description)
VALUES (2, 'Technology', 'Heavy', 35.17, 'Marketing Intern', 3.9, 'Support marketing campaigns, conduct market research, and assist with social media content.');

INSERT INTO coop_position (company_id, industry, workload, hourly_wage, title, avg_rating, description)
VALUES (3, 'Automotive', 'Average', 33.46, 'Automotive Design Co-Op', 4.2, 'Assist in the design and development of automobile components and systems.');

INSERT INTO coop_position (company_id, industry, workload, hourly_wage, title, avg_rating, description)
VALUES (4, 'Medical Devices', 'Average', 26.99, 'Biomedical Intern', 3.5, 'Support the development and testing of medical instruments and devices.');

INSERT INTO coop_position (company_id, industry, workload, hourly_wage, title, avg_rating, description)
VALUES (5, 'Real Estate', 'Heavy', 18.93, 'Property Management Co-Op', 3.9, 'Help manage tenant relations, property operations, and leasing activities.');

INSERT INTO coop_position (company_id, industry, workload, hourly_wage, title, avg_rating, description)
VALUES (6, 'Chemicals', 'Average', 24.67, 'Chemical Engineering Intern', 3.5, 'Assist with process improvement and quality control in chemical manufacturing.');

INSERT INTO coop_position (company_id, industry, workload, hourly_wage, title, avg_rating, description)
VALUES (7, 'Technology', 'Medium', 28.66, 'Software Engineer Intern', 3.0, 'Support the development and testing of new software products.');

INSERT INTO coop_position (company_id, industry, workload, hourly_wage, title, avg_rating, description)
VALUES (8, 'Technology', 'Heavy', 37.11, 'Data Analyst Intern', 3.3, 'Assist in analyzing and visualizing data for business decision-making.');

INSERT INTO coop_position (company_id, industry, workload, hourly_wage, title, avg_rating, description)
VALUES (9, 'Energy', 'Heavy', 18.6, 'Energy Analyst Co-Op', 4.9, 'Analyze energy production and usage trends to identify efficiency opportunities.');

INSERT INTO coop_position (company_id, industry, workload, hourly_wage, title, avg_rating, description)
VALUES (10, 'Biotechnology', 'Heavy', 39.29, 'Biotech Research Intern', 3.6, 'Assist with laboratory experiments and analysis in biological research.');

INSERT INTO coop_position (company_id, industry, workload, hourly_wage, title, avg_rating, description)
VALUES (11, 'Media and Entertainment', 'Light', 27.02, 'Media Production Intern', 2.7, 'Support video editing, sound design, and pre-production activities.');

INSERT INTO coop_position (company_id, industry, workload, hourly_wage, title, avg_rating, description)
VALUES (12, 'Healthcare', 'Heavy', 18.07, 'Clinical Research Intern', 4.4, 'Assist with data collection and patient interactions in clinical trials.');

INSERT INTO coop_position (company_id, industry, workload, hourly_wage, title, avg_rating, description)
VALUES (13, 'Technology', 'Light', 27.23, 'UX/UI Design Intern', 4.3, 'Design and test user interfaces for mobile and web applications.');

INSERT INTO coop_position (company_id, industry, workload, hourly_wage, title, avg_rating, description)
VALUES (14, 'Healthcare', 'Heavy', 29.52, 'Healthcare Administration Co-Op', 2.8, 'Support administrative operations, including scheduling and billing.');

INSERT INTO coop_position (company_id, industry, workload, hourly_wage, title, avg_rating, description)
VALUES (15, 'Technology', 'Heavy', 21.46, 'Quality Assurance Intern', 2.8, 'Test and document software products to ensure functionality and usability.');

INSERT INTO coop_position (company_id, industry, workload, hourly_wage, title, avg_rating, description)
VALUES (16, 'Energy', 'Medium', 26.54, 'Environmental Engineering Co-Op', 3.0, 'Assist with sustainability projects and environmental impact assessments.');

INSERT INTO coop_position (company_id, industry, workload, hourly_wage, title, avg_rating, description)
VALUES (17, 'Technology', 'Heavy', 21.48, 'Network Security Intern', 3.3, 'Support cybersecurity teams in identifying and resolving network vulnerabilities.');

INSERT INTO coop_position (company_id, industry, workload, hourly_wage, title, avg_rating, description)
VALUES (18, 'Metals and Mining', 'Heavy', 18.02, 'Materials Science Co-Op', 4.8, 'Conduct research and testing on metal materials for quality and durability.');

INSERT INTO coop_position (company_id, industry, workload, hourly_wage, title, avg_rating, description)
VALUES (19, 'Media and Entertainment', 'Heavy', 35.82, 'Content Creation Intern', 2.6, 'Develop creative content for digital marketing and social media campaigns.');

INSERT INTO coop_position (company_id, industry, workload, hourly_wage, title, avg_rating, description)
VALUES (20, 'Chemicals', 'Average', 31.51, 'Chemical Lab Intern', 3.0, 'Assist in conducting experiments and preparing chemical solutions.');

INSERT INTO coop_position (company_id, industry, workload, hourly_wage, title, avg_rating, description)
VALUES (21, 'Food and Beverage', 'Medium', 21.93, 'Food Scientist Co-Op', 4.9, 'Assist in developing and testing new food products and quality control.');

INSERT INTO coop_position (company_id, industry, workload, hourly_wage, title, avg_rating, description)
VALUES (22, 'Real Estate', 'Medium', 31.8, 'Real Estate Development Intern', 4.0, 'Assist in market research and feasibility analysis for new developments.');

INSERT INTO coop_position (company_id, industry, workload, hourly_wage, title, avg_rating, description)
VALUES (23, 'Technology', 'Light', 27.07, 'General Manager Intern', 2.2, 'Assist with management of daily operations and team coordination.');

INSERT INTO coop_position (company_id, industry, workload, hourly_wage, title, avg_rating, description)
VALUES (24, 'Technology', 'Heavy', 23.67, 'IT Support Co-Op', 2.4, 'Provide technical support and troubleshoot IT issues in a corporate setting.');

INSERT INTO coop_position (company_id, industry, workload, hourly_wage, title, avg_rating, description)
VALUES (25, 'Technology', 'Average', 21.42, 'Project Manager Intern', 4.6, 'Assist in managing project timelines and deliverables.');

INSERT INTO coop_position (company_id, industry, workload, hourly_wage, title, avg_rating, description)
VALUES (26, 'Energy', 'Average', 28.17, 'Nuclear Engineer Intern', 3.2, 'Support safety and efficiency initiatives in nuclear power generation.');

INSERT INTO coop_position (company_id, industry, workload, hourly_wage, title, avg_rating, description)
VALUES (27, 'Legal Services', 'Light', 28.24, 'Paralegal Intern', 2.1, 'Assist with drafting legal documents and preparing case files.');

INSERT INTO coop_position (company_id, industry, workload, hourly_wage, title, avg_rating, description)
VALUES (28, 'Real Estate', 'Heavy', 39.44, 'Property Appraisal Intern', 2.3, 'Conduct property valuations and prepare reports for clients.');

INSERT INTO coop_position (company_id, industry, workload, hourly_wage, title, avg_rating, description)
VALUES (29, 'Insurance', 'Light', 28.18, 'Underwriting Intern', 4.4, 'Assist in evaluating insurance applications and determining policy terms.');

INSERT INTO coop_position (company_id, industry, workload, hourly_wage, title, avg_rating, description)
VALUES (30, 'Technology', 'Average', 27.0, 'Systems Administrator Intern', 3.2, 'Monitor and maintain system performance for corporate IT infrastructure.');

INSERT INTO admin (name, role, email) VALUES ('Margette Holdron', 'System Administrator', 'mholdron0@google.com.br');
INSERT INTO admin (name, role, email) VALUES ('Lucina Girling', 'IT Administrator', 'lgirling1@cnet.com');
INSERT INTO admin (name, role, email) VALUES ('Corbett Lafee', 'Network Administrator', 'clafee2@elpais.com');
INSERT INTO admin (name, role, email) VALUES ('Willis Morby', 'Database Administrator', 'wmorby3@telegraph.co.uk');
INSERT INTO admin (name, role, email) VALUES ('Tadio Farady', 'Cloud Administrator', 'tfarady4@arizona.edu');
INSERT INTO admin (name, role, email) VALUES ('Onfroi Burchmore', 'System Administrator', 'oburchmore5@latimes.com');
INSERT INTO admin (name, role, email) VALUES ('Devonne Goodison', 'Security Administrator', 'dgoodison6@amazon.com');
INSERT INTO admin (name, role, email) VALUES ('Lief Iacovolo', 'Systems Administrator II', 'liacovolo7@qq.com');
INSERT INTO admin (name, role, email) VALUES ('Lisbeth Aujouanet', 'User Support Administrator', 'laujouanet8@mediafire.com');
INSERT INTO admin (name, role, email) VALUES ('Corbett Kinchley', 'Backup Administrator', 'ckinchley9@mit.edu');
INSERT INTO admin (name, role, email) VALUES ('Greg Brosini', 'Storage Administrator', 'gbrosinia@imdb.com');
INSERT INTO admin (name, role, email) VALUES ('Merell Raddish', 'Application Administrator', 'mraddishb@ow.ly');
INSERT INTO admin (name, role, email) VALUES ('Audy Jay', 'Infrastructure Administrator', 'ajayc@chicagotribune.com');
INSERT INTO admin (name, role, email) VALUES ('Darbie Bomb', 'Compliance Administrator', 'dbombd@mail.ru');
INSERT INTO admin (name, role, email) VALUES ('Jeremy Note', 'Help Desk Administrator', 'jnotee@unesco.org');
INSERT INTO admin (name, role, email) VALUES ('Penrod Keohane', 'Network Security Administrator', 'pkeohanef@nasa.gov');
INSERT INTO admin (name, role, email) VALUES ('Katalin Medhurst', 'Access Control Administrator', 'kmedhurstg@nature.com');
INSERT INTO admin (name, role, email) VALUES ('Deana Follows', 'IT Support Administrator', 'dfollowsh@jiathis.com');
INSERT INTO admin (name, role, email) VALUES ('Ezequiel O''Reilly', 'Web Administrator', 'eoreillyi@artisteer.com');
INSERT INTO admin (name, role, email) VALUES ('Niven Bryenton', 'Desktop Support Administrator', 'nbryentonj@vimeo.com');
INSERT INTO admin (name, role, email) VALUES ('Bryon Considine', 'Systems Administrator III', 'bconsidinek@usatoday.com');
INSERT INTO admin (name, role, email) VALUES ('Elnora Ben', 'Virtualization Administrator', 'ebenl@cbc.ca');
INSERT INTO admin (name, role, email) VALUES ('Welsh Reinhardt', 'Server Administrator', 'wreinhardtm@google.com');
INSERT INTO admin (name, role, email) VALUES ('Dolorita Scotfurth', 'DevOps Administrator', 'dscotfurthn@tmall.com');
INSERT INTO admin (name, role, email) VALUES ('Tania Traut', 'Systems Operations Administrator', 'ttrauto@unc.edu');
INSERT INTO admin (name, role, email) VALUES ('Jesse Oakwell', 'Systems Monitoring Administrator', 'joakwellp@nymag.com');
INSERT INTO admin (name, role, email) VALUES ('Teddie Oakes', 'Senior IT Administrator', 'toakesq@facebook.com');
INSERT INTO admin (name, role, email) VALUES ('Mandel Esseby', 'Patch Management Administrator', 'messebyr@yolasite.com');
INSERT INTO admin (name, role, email) VALUES ('Drusy O'' Faherty', 'Configuration Administrator', 'dos@sphinn.com');
INSERT INTO admin (name, role, email) VALUES ('Britta Beaument', 'Backup and Recovery Administrator', 'bbeaumentt@typepad.com');
INSERT INTO admin (name, role, email) VALUES ('Byram Doumerc', 'Endpoint Security Administrator', 'bdoumercu@vinaora.com');
INSERT INTO admin (name, role, email) VALUES ('Chrisy Saurat', 'Printer Administrator', 'csauratv@tinyurl.com');
INSERT INTO admin (name, role, email) VALUES ('Marian Gatehouse', 'System Compliance Administrator', 'mgatehousew@telegraph.co.uk');
INSERT INTO admin (name, role, email) VALUES ('Sallyann Malamore', 'Software Administrator', 'smalamorex@mac.com');

INSERT INTO applications (admin_id, version, description, name) VALUES (20, '5.9', 'System for managing job applications and candidate profiles', 'Job Application Tracker');
INSERT INTO applications (admin_id, version, description, name) VALUES (1, '3.8', 'Tool for monitoring and reviewing user feedback', 'Feedback Analyzer');
INSERT INTO applications (admin_id, version, description, name) VALUES (25, '6.1', 'Platform for scheduling and managing team interviews', 'Interview Scheduler');
INSERT INTO applications (admin_id, version, description, name) VALUES (28, '5.2', 'Analytics tool for job performance and employee satisfaction', 'Performance Analytics');
INSERT INTO applications (admin_id, version, description, name) VALUES (25, '1.3', 'Portal for tracking and resolving technical issues', 'Support Ticket System');
INSERT INTO applications (admin_id, version, description, name) VALUES (14, '1.1', 'Cloud-based storage for resumes and documents', 'Resume Vault');
INSERT INTO applications (admin_id, version, description, name) VALUES (13, '4.6', 'System for automating job postings to multiple boards', 'Job Board Integration Tool');
INSERT INTO applications (admin_id, version, description, name) VALUES (23, '1.5', 'Database for tracking company reviews and ratings', 'Company Review Tracker');
INSERT INTO applications (admin_id, version, description, name) VALUES (3, '1.9', 'Application for managing system logs and errors', 'Log Monitor');
INSERT INTO applications (admin_id, version, description, name) VALUES (6, '3.9', 'Tool for ensuring compliance with workplace policies', 'Policy Compliance Manager');
INSERT INTO applications (admin_id, version, description, name) VALUES (27, '4.2', 'Platform for creating and managing job role templates', 'Role Template Creator');
INSERT INTO applications (admin_id, version, description, name) VALUES (21, '6.9', 'Application for monitoring website uptime and performance', 'Site Performance Monitor');
INSERT INTO applications (admin_id, version, description, name) VALUES (24, '6.0', 'Tool for tracking and managing employee surveys', 'Survey Manager');
INSERT INTO applications (admin_id, version, description, name) VALUES (26, '1.9', 'Dashboard for real-time system status and alerts', 'System Status Dashboard');
INSERT INTO applications (admin_id, version, description, name) VALUES (3, '6.7', 'Application for secure user authentication', 'User Access Manager');
INSERT INTO applications (admin_id, version, description, name) VALUES (19, '6.7', 'Platform for aggregating and analyzing job seeker data', 'Job Seeker Insights');
INSERT INTO applications (admin_id, version, description, name) VALUES (19, '1.7', 'Tool for verifying employer-provided information', 'Employer Verifier');
INSERT INTO applications (admin_id, version, description, name) VALUES (22, '4.7', 'Application for tracking and reviewing hiring trends', 'Hiring Trends Tracker');
INSERT INTO applications (admin_id, version, description, name) VALUES (5, '1.7', 'Tool for managing and updating company profiles', 'Company Profile Manager');
INSERT INTO applications (admin_id, version, description, name) VALUES (34, '5.1', 'System for automating repetitive administrative tasks', 'Admin Automation Tool');
INSERT INTO applications (admin_id, version, description, name) VALUES (14, '2.6', 'Platform for integrating external job search APIs', 'Job Search API Integration');
INSERT INTO applications (admin_id, version, description, name) VALUES (10, '2.6', 'Tool for tracking user behavior on job listings', 'User Behavior Tracker');
INSERT INTO applications (admin_id, version, description, name) VALUES (2, '8.8', 'Platform for generating job analytics and reports', 'Job Analytics Generator');
INSERT INTO applications (admin_id, version, description, name) VALUES (5, '5.7', 'Application for managing platform notifications', 'Notification Manager');
INSERT INTO applications (admin_id, version, description, name) VALUES (22, '5.8', 'Tool for managing and updating system configurations', 'Configuration Manager');
INSERT INTO applications (admin_id, version, description, name) VALUES (23, '1.7', 'Application for real-time user messaging', 'Messaging Platform');
INSERT INTO applications (admin_id, version, description, name) VALUES (31, '8.0', 'Dashboard for visualizing key hiring metrics', 'Hiring Metrics Dashboard');
INSERT INTO applications (admin_id, version, description, name) VALUES (27, '4.2', 'Tool for managing candidate interview feedback', 'Interview Feedback Manager');
INSERT INTO applications (admin_id, version, description, name) VALUES (15, '1.3', 'Application for real-time collaboration on hiring decisions', 'Collaboration Platform');
INSERT INTO applications (admin_id, version, description, name) VALUES (10, '4.3', 'Tool for analyzing and managing job review data', 'Review Data Analyzer');

INSERT INTO logs (app_id, timestamp) VALUES (11, '2024-09-16 08:59:32');
INSERT INTO logs (app_id, timestamp) VALUES (24, '2024-05-27 16:37:50');
INSERT INTO logs (app_id, timestamp) VALUES (27, '2024-10-28 13:50:59');
INSERT INTO logs (app_id, timestamp) VALUES (24, '2024-01-12 02:59:39');
INSERT INTO logs (app_id, timestamp) VALUES (10, '2024-10-02 08:22:04');
INSERT INTO logs (app_id, timestamp) VALUES (28, '2024-07-25 21:08:33');
INSERT INTO logs (app_id, timestamp) VALUES (9, '2024-09-05 09:47:56');
INSERT INTO logs (app_id, timestamp) VALUES (16, '2024-04-12 20:59:14');
INSERT INTO logs (app_id, timestamp) VALUES (25, '2024-07-13 06:15:03');
INSERT INTO logs (app_id, timestamp) VALUES (9, '2024-04-02 19:09:03');
INSERT INTO logs (app_id, timestamp) VALUES (10, '2024-02-25 09:49:30');
INSERT INTO logs (app_id, timestamp) VALUES (25, '2024-10-21 04:03:33');
INSERT INTO logs (app_id, timestamp) VALUES (10, '2024-09-12 21:14:52');
INSERT INTO logs (app_id, timestamp) VALUES (16, '2024-01-25 18:57:02');
INSERT INTO logs (app_id, timestamp) VALUES (21, '2023-12-02 11:07:42');
INSERT INTO logs (app_id, timestamp) VALUES (13, '2024-11-02 11:44:31');
INSERT INTO logs (app_id, timestamp) VALUES (16, '2024-06-04 11:25:09');
INSERT INTO logs (app_id, timestamp) VALUES (25, '2024-04-20 06:53:43');
INSERT INTO logs (app_id, timestamp) VALUES (12, '2024-05-14 07:24:51');
INSERT INTO logs (app_id, timestamp) VALUES (17, '2024-04-12 23:34:25');
INSERT INTO logs (app_id, timestamp) VALUES (12, '2024-05-11 12:55:58');
INSERT INTO logs (app_id, timestamp) VALUES (27, '2024-07-16 19:48:29');
INSERT INTO logs (app_id, timestamp) VALUES (20, '2024-05-08 18:26:04');
INSERT INTO logs (app_id, timestamp) VALUES (16, '2024-03-02 06:19:29');
INSERT INTO logs (app_id, timestamp) VALUES (13, '2024-07-26 01:55:48');
INSERT INTO logs (app_id, timestamp) VALUES (28, '2024-05-08 00:22:09');
INSERT INTO logs (app_id, timestamp) VALUES (9, '2024-03-17 03:33:13');
INSERT INTO logs (app_id, timestamp) VALUES (21, '2024-01-19 13:54:01');
INSERT INTO logs (app_id, timestamp) VALUES (1, '2024-02-15 19:02:15');
INSERT INTO logs (app_id, timestamp) VALUES (27, '2024-04-12 09:37:06');
INSERT INTO logs (app_id, timestamp) VALUES (15, '2024-06-15 10:20:45');
INSERT INTO logs (app_id, timestamp) VALUES (18, '2024-03-08 14:13:22');
INSERT INTO logs (app_id, timestamp) VALUES (11, '2024-08-09 22:45:30');
INSERT INTO logs (app_id, timestamp) VALUES (22, '2024-02-28 15:32:19');
INSERT INTO logs (app_id, timestamp) VALUES (14, '2024-03-25 07:19:50');
INSERT INTO logs (app_id, timestamp) VALUES (19, '2024-05-11 17:24:55');
INSERT INTO logs (app_id, timestamp) VALUES (23, '2024-07-30 10:11:08');
INSERT INTO logs (app_id, timestamp) VALUES (8, '2024-10-01 09:14:03');
INSERT INTO logs (app_id, timestamp) VALUES (6, '2024-01-22 21:03:55');
INSERT INTO logs (app_id, timestamp) VALUES (2, '2024-11-11 19:34:40');
INSERT INTO logs (app_id, timestamp) VALUES (4, '2024-08-18 02:55:43');
INSERT INTO logs (app_id, timestamp) VALUES (3, '2024-09-26 12:43:29');
INSERT INTO logs (app_id, timestamp) VALUES (26, '2024-04-05 04:11:21');
INSERT INTO logs (app_id, timestamp) VALUES (5, '2024-06-07 03:52:13');
INSERT INTO logs (app_id, timestamp) VALUES (29, '2024-07-04 16:27:38');

INSERT INTO reports (company_id, created_by, report_name, industry_compare, timestamp)
VALUES (7, 4, 'Quarterly Performance', 'Technology vs. Healthcare', '2024-01-15 09:30:00');

INSERT INTO reports (company_id, created_by, report_name, industry_compare, timestamp)
VALUES (12, 12, 'Annual Report', 'Finance vs. Education', '2024-02-20 14:05:22');

INSERT INTO reports (company_id, created_by, report_name, industry_compare, timestamp)
VALUES (3, 18, 'Monthly Insights', 'Biotech vs. Engineering', '2024-03-25 16:45:58');

INSERT INTO reports (company_id, created_by, report_name, industry_compare, timestamp)
VALUES (5, 7, 'Hiring Trends', 'Healthcare vs. Manufacturing', '2024-04-02 08:22:19');

INSERT INTO reports (company_id, created_by, report_name, industry_compare, timestamp)
VALUES (17, 3, 'Student Feedback Analysis', 'Retail vs. Information Technology', '2024-04-30 12:37:45');

INSERT INTO reports (company_id, created_by, report_name, industry_compare, timestamp)
VALUES (21, 5, 'Recruitment Analysis', 'Healthcare vs. Finance', '2024-05-05 10:17:56');

INSERT INTO reports (company_id, created_by, report_name, industry_compare, timestamp)
VALUES (6, 21, 'Salary Comparison', 'Software vs. Sales', '2024-05-12 11:28:34');

INSERT INTO reports (company_id, created_by, report_name, industry_compare, timestamp)
VALUES (18, 15, 'Job Market Trends', 'Media vs. Construction', '2024-06-01 15:10:29');

INSERT INTO reports (company_id, created_by, report_name, industry_compare, timestamp)
VALUES (9, 9, 'Internship Program Performance', 'Manufacturing vs. Retail', '2024-06-10 13:12:43');

INSERT INTO reports (company_id, created_by, report_name, industry_compare, timestamp)
VALUES (13, 13, 'Job Placement Rates', 'Finance vs. Biotech', '2024-07-01 17:45:01');

INSERT INTO reports (company_id, created_by, report_name, industry_compare, timestamp)
VALUES (2, 10, 'Technology Adoption', 'Healthcare vs. Education', '2024-07-07 14:11:53');

INSERT INTO reports (company_id, created_by, report_name, industry_compare, timestamp)
VALUES (25, 6, 'Employee Satisfaction', 'Retail vs. Marketing', '2024-08-03 09:05:21');

INSERT INTO reports (company_id, created_by, report_name, industry_compare, timestamp)
VALUES (7, 26, 'Year-End Review', 'Engineering vs. Media', '2024-08-15 13:48:30');

INSERT INTO reports (company_id, created_by, report_name, industry_compare, timestamp)
VALUES (11, 20, 'Monthly Recruitment Statistics', 'Education vs. Health', '2024-09-01 16:53:19');

INSERT INTO reports (company_id, created_by, report_name, industry_compare, timestamp)
VALUES (10, 25, 'Placement Trends', 'Manufacturing vs. Biotech', '2024-09-10 18:42:12');

INSERT INTO reports (company_id, created_by, report_name, industry_compare, timestamp)
VALUES (4, 30, 'Student Success Rate', 'Engineering vs. Technology', '2024-10-02 09:11:05');

INSERT INTO reports (company_id, created_by, report_name, industry_compare, timestamp)
VALUES (19, 8, 'Employee Turnover Analysis', 'Retail vs. Sales', '2024-10-10 11:26:30');

INSERT INTO reports (company_id, created_by, report_name, industry_compare, timestamp)
VALUES (20, 17, 'Annual Growth', 'Healthcare vs. Media', '2024-11-01 14:30:20');

INSERT INTO reports (company_id, created_by, report_name, industry_compare, timestamp)
VALUES (8, 1, 'Industry Trends', 'Software vs. Biotech', '2024-11-05 16:03:45');

INSERT INTO reports (company_id, created_by, report_name, industry_compare, timestamp)
VALUES (27, 11, 'Career Services Impact', 'Construction vs. Healthcare', '2024-12-01 10:05:11');

INSERT INTO reports (company_id, created_by, report_name, industry_compare, timestamp)
VALUES (14, 14, 'Data Analytics Overview', 'Information Technology vs. Sales', '2024-12-10 12:23:55');

INSERT INTO reports (company_id, created_by, report_name, industry_compare, timestamp)
VALUES (5, 22, 'Job Satisfaction Index', 'Retail vs. Hospitality', '2024-01-18 13:17:39');

INSERT INTO reports (company_id, created_by, report_name, industry_compare, timestamp)
VALUES (3, 16, 'Internship Quality Metrics', 'Education vs. Engineering', '2024-02-12 15:45:02');

INSERT INTO reports (company_id, created_by, report_name, industry_compare, timestamp)
VALUES (16, 27, 'Co-op Program Impact', 'Sales vs. Information Technology', '2024-03-03 08:56:27');

INSERT INTO reports (company_id, created_by, report_name, industry_compare, timestamp)
VALUES (10, 2, 'Student Demographics', 'Healthcare vs. Business', '2024-04-07 17:43:12');

INSERT INTO reports (company_id, created_by, report_name, industry_compare, timestamp)
VALUES (22, 19, 'Economic Impact of Co-op Programs', 'Retail vs. Engineering', '2024-05-20 12:22:49');

INSERT INTO reports (company_id, created_by, report_name, industry_compare, timestamp)
VALUES (30, 29, 'Placement by Major', 'Business vs. Engineering', '2024-06-15 16:10:18');

INSERT INTO reports (company_id, created_by, report_name, industry_compare, timestamp)
VALUES (29, 23, 'Industry Comparison Analysis', 'Sales vs. Marketing', '2024-07-12 14:39:00');

INSERT INTO reports (company_id, created_by, report_name, industry_compare, timestamp)
VALUES (13, 12, 'Annual Recruitment Review', 'Media vs. Marketing', '2024-08-21 09:22:33');

INSERT INTO reports (company_id, created_by, report_name, industry_compare, timestamp)
VALUES (24, 5, 'Technology Trends in Co-op Placements', 'Biotech vs. Healthcare', '2024-09-18 12:17:24');

INSERT INTO reports (company_id, created_by, report_name, industry_compare, timestamp)
VALUES (15, 24, 'Internship Program Effectiveness', 'Sales vs. Business', '2024-10-05 13:47:56');

INSERT INTO reports (company_id, created_by, report_name, industry_compare, timestamp)
VALUES (11, 28, 'Sector Growth Overview', 'Retail vs. Media', '2024-11-07 11:30:59');

INSERT INTO reports (company_id, created_by, report_name, industry_compare, timestamp)
VALUES (23, 3, 'Placement by Region', 'Biotech vs. Healthcare', '2024-12-15 14:12:03');

INSERT INTO reports (company_id, created_by, report_name, industry_compare, timestamp)
VALUES (25, 10, 'Co-op Program Trends', 'Technology vs. Engineering', '2024-02-08 15:03:34');

INSERT INTO reports (company_id, created_by, report_name, industry_compare, timestamp)
VALUES (8, 25, 'Employer Engagement Metrics', 'Sales vs. Marketing', '2024-03-22 16:40:11');

INSERT INTO reports (company_id, created_by, report_name, industry_compare, timestamp)
VALUES (6, 6, 'Analysis of Student Placement by Industry', 'Retail vs. Biotech', '2024-04-25 17:25:06');

INSERT INTO reports (company_id, created_by, report_name, industry_compare, timestamp)
VALUES (17, 18, 'Employer Satisfaction Overview', 'Information Technology vs. Engineering', '2024-05-10 18:38:50');

INSERT INTO reports (company_id, created_by, report_name, industry_compare, timestamp)
VALUES (28, 7, 'Internship Feedback Analysis', 'Healthcare vs. Media', '2024-06-13 10:51:12');

INSERT INTO reports (company_id, created_by, report_name, industry_compare, timestamp)
VALUES (18, 21, 'Student Satisfaction Analysis', 'Technology vs. Healthcare', '2024-01-12 13:34:21');

INSERT INTO reports (company_id, created_by, report_name, industry_compare, timestamp)
VALUES (12, 13, 'Market Analysis', 'Education vs. Finance', '2024-02-14 16:22:09');

INSERT INTO reports (company_id, created_by, report_name, industry_compare, timestamp)
VALUES (26, 17, 'Yearly Industry Comparison', 'Healthcare vs. Sales', '2024-03-10 14:33:45');

INSERT INTO reports (company_id, created_by, report_name, industry_compare, timestamp)
VALUES (5, 30, 'Internship Demand', 'Retail vs. Biotech', '2024-04-02 17:47:30');

INSERT INTO reports (company_id, created_by, report_name, industry_compare, timestamp)
VALUES (27, 8, 'Placement Trends', 'Software vs. Engineering', '2024-05-15 10:01:22');

INSERT INTO reports (company_id, created_by, report_name, industry_compare, timestamp)
VALUES (29, 26, 'Employee Engagement', 'Sales vs. Marketing', '2024-06-11 12:22:33');

INSERT INTO reports (company_id, created_by, report_name, industry_compare, timestamp)
VALUES (2, 4, 'Recruitment Analysis', 'Healthcare vs. Information Technology', '2024-07-09 15:18:44');

INSERT INTO reports (company_id, created_by, report_name, industry_compare, timestamp)
VALUES (30, 1, 'Annual Recruitment Review', 'Engineering vs. Manufacturing', '2024-08-19 10:56:12');

INSERT INTO reports (company_id, created_by, report_name, industry_compare, timestamp)
VALUES (16, 29, 'Job Satisfaction Report', 'Retail vs. Biotech', '2024-09-22 13:09:51');

INSERT INTO tasks (report_id, created_by, name, status, assigned_to, timestamp, description)
VALUES (35, 30, 'Compile Quarterly Reports', 'In Progress', 24, '2024-03-02 19:32:47', 'Summarize co-op placement statistics by industry.');

INSERT INTO tasks (report_id, created_by, name, status, assigned_to, timestamp, description)
VALUES (2, 22, 'Review Employer Feedback', 'Not Started', 3, '2024-10-03 22:38:42', 'Analyze feedback submitted by employers on co-op students.');

INSERT INTO tasks (report_id, created_by, name, status, assigned_to, timestamp, description)
VALUES (8, 5, 'Add New Hires to Database', 'Complete', 5, '2024-05-06 03:07:08', 'Update the database with details of recently hired employees.');

INSERT INTO tasks (report_id, created_by, name, status, assigned_to, timestamp, description)
VALUES (42, 5, 'Generate Annual Review', 'Complete', 10, '2024-07-07 18:46:32', 'Create a detailed report summarizing system performance.');

INSERT INTO tasks (report_id, created_by, name, status, assigned_to, timestamp, description)
VALUES (6, 9, 'Analyze Student Surveys', 'In Progress', 8, '2024-01-24 11:40:39', 'Review survey results from students on recent co-op experiences.');

INSERT INTO tasks (report_id, created_by, name, status, assigned_to, timestamp, description)
VALUES (23, 15, 'Update Platform Analytics', 'Complete', 1, '2024-02-23 09:28:20', 'Incorporate recent data analytics for platform user activity.');

INSERT INTO tasks (report_id, created_by, name, status, assigned_to, timestamp, description)
VALUES (4, 6, 'Fix Bug Reports', 'In Progress', 18, '2024-02-08 23:30:40', 'Address reported system bugs from students and employers.');

INSERT INTO tasks (report_id, created_by, name, status, assigned_to, timestamp, description)
VALUES (12, 26, 'Monitor Logs for Errors', 'Not Started', 3, '2024-10-25 15:41:53', 'Review system logs for errors and anomalies.');

INSERT INTO tasks (report_id, created_by, name, status, assigned_to, timestamp, description)
VALUES (5, 24, 'Verify Employer Accounts', 'In Progress', 23, '2024-11-20 16:06:44', 'Check verification status of registered employers on the platform.');

INSERT INTO tasks (report_id, created_by, name, status, assigned_to, timestamp, description)
VALUES (27, 21, 'Prepare Monthly Trends Report', 'Not Started', 6, '2024-04-25 19:58:47', 'Identify trends in co-op applications and placements for the month.');

INSERT INTO tasks (report_id, created_by, name, status, assigned_to, timestamp, description)
VALUES (13, 8, 'Summarize Top Employers', 'Complete', 14, '2024-05-31 03:08:16', 'List top employers based on student feedback and placement rate.');

INSERT INTO tasks (report_id, created_by, name, status, assigned_to, timestamp, description)
VALUES (1, 19, 'Monitor Platform Usage', 'In Progress', 22, '2024-03-31 20:06:51', 'Analyze daily platform usage metrics to ensure system stability.');

INSERT INTO tasks (report_id, created_by, name, status, assigned_to, timestamp, description)
VALUES (32, 15, 'Review Co-op Success Rates', 'Complete', 2, '2024-07-15 09:58:38', 'Compare co-op success rates by major and industry.');

INSERT INTO tasks (report_id, created_by, name, status, assigned_to, timestamp, description)
VALUES (17, 28, 'Update Student Reviews', 'Not Started', 21, '2024-09-20 00:22:50', 'Add newly submitted student reviews to the database.');

INSERT INTO tasks (report_id, created_by, name, status, assigned_to, timestamp, description)
VALUES (38, 13, 'Evaluate System Feedback', 'Complete', 25, '2024-01-23 03:04:56', 'Review system feedback for areas of improvement.');

INSERT INTO tasks (report_id, created_by, name, status, assigned_to, timestamp, description)
VALUES (32, 21, 'Compile Employer Insights', 'In Progress', 9, '2024-06-29 18:40:35', 'Create an insight report based on employer reviews of the platform.');

INSERT INTO tasks (report_id, created_by, name, status, assigned_to, timestamp, description)
VALUES (5, 25, 'Enhance Search Features', 'Not Started', 19, '2024-07-16 13:38:30', 'Improve search filters for co-op job postings.');

INSERT INTO tasks (report_id, created_by, name, status, assigned_to, timestamp, description)
VALUES (10, 15, 'Update User Permissions', 'Complete', 8, '2024-08-11 14:30:25', 'Revise permissions for new hires to match their roles.');

INSERT INTO tasks (report_id, created_by, name, status, assigned_to, timestamp, description)
VALUES (20, 7, 'Backup System Data', 'In Progress', 14, '2024-09-12 10:22:30', 'Perform scheduled backup of all system data.');

INSERT INTO tasks (report_id, created_by, name, status, assigned_to, timestamp, description)
VALUES (15, 26, 'Update System Documentation', 'Not Started', 4, '2024-07-14 12:40:17', 'Add new sections on co-op platform features to the documentation.');

INSERT INTO skill (name) VALUES ('Python Programming');
INSERT INTO skill (name) VALUES ('Data Analysis');
INSERT INTO skill (name) VALUES ('Machine Learning');
INSERT INTO skill (name) VALUES ('Web Development');
INSERT INTO skill (name) VALUES ('Project Management');
INSERT INTO skill (name) VALUES ('Team Leadership');
INSERT INTO skill (name) VALUES ('Public Speaking');
INSERT INTO skill (name) VALUES ('Time Management');
INSERT INTO skill (name) VALUES ('Technical Writing');
INSERT INTO skill (name) VALUES ('Graphic Design');
INSERT INTO skill (name) VALUES ('Marketing Strategy');
INSERT INTO skill (name) VALUES ('Financial Modeling');
INSERT INTO skill (name) VALUES ('Customer Service');
INSERT INTO skill (name) VALUES ('SQL Database Management');
INSERT INTO skill (name) VALUES ('Cloud Computing');
INSERT INTO skill (name) VALUES ('Network Security');
INSERT INTO skill (name) VALUES ('Mobile App Development');
INSERT INTO skill (name) VALUES ('Quality Assurance Testing');
INSERT INTO skill (name) VALUES ('Digital Marketing');
INSERT INTO skill (name) VALUES ('Supply Chain Management');

INSERT INTO trends (industry, skill_alignments, career_alignments, satisfaction_alignments, position_id)
VALUES ('Technology', 'Python Programming, SQL Database Management, Cloud Computing', 'Excellent', 'Extremely Satisfied', 26);

INSERT INTO trends (industry, skill_alignments, career_alignments, satisfaction_alignments, position_id)
VALUES ('Finance', 'Financial Modeling, Data Analysis, Project Management', 'Good', 'Satisfied', 39);

INSERT INTO trends (industry, skill_alignments, career_alignments, satisfaction_alignments, position_id)
VALUES ('Healthcare', 'Phlebotomy, Technical Writing, Quality Assurance Testing', 'Excellent', 'Satisfied', 24);

INSERT INTO trends (industry, skill_alignments, career_alignments, satisfaction_alignments, position_id)
VALUES ('Marketing', 'Digital Marketing, Public Speaking, Marketing Strategy', 'Good', 'Satisfied With Reservations', 9);

INSERT INTO trends (industry, skill_alignments, career_alignments, satisfaction_alignments, position_id)
VALUES ('Education', 'Technical Writing, Team Leadership, Public Speaking', 'Satisfactory', 'Satisfied', 14);

INSERT INTO trends (industry, skill_alignments, career_alignments, satisfaction_alignments, position_id)
VALUES ('Software Development', 'Web Development, Python Programming, Mobile App Development', 'Excellent', 'Extremely Satisfied', 35);

INSERT INTO trends (industry, skill_alignments, career_alignments, satisfaction_alignments, position_id)
VALUES ('Cybersecurity', 'Network Security, Cloud Computing, Quality Assurance Testing', 'Good', 'Satisfied', 41);

INSERT INTO trends (industry, skill_alignments, career_alignments, satisfaction_alignments, position_id)
VALUES ('Graphic Design', 'Graphic Design, Video Editing, Photography', 'Satisfactory', 'Satisfied', 8);

INSERT INTO trends (industry, skill_alignments, career_alignments, satisfaction_alignments, position_id)
VALUES ('Marketing', 'Public Speaking, Marketing Strategy, Project Management', 'Good', 'Satisfied With Reservations', 20);

INSERT INTO trends (industry, skill_alignments, career_alignments, satisfaction_alignments, position_id)
VALUES ('Information Technology', 'SQL Database Management, Time Management, Python Programming', 'Excellent', 'Extremely Satisfied', 28);

INSERT INTO trends (industry, skill_alignments, career_alignments, satisfaction_alignments, position_id)
VALUES ('Chemical Engineering', 'Titration, Pipetting, Technical Writing', 'Good', 'Satisfied', 7);

INSERT INTO trends (industry, skill_alignments, career_alignments, satisfaction_alignments, position_id)
VALUES ('Education', 'Team Leadership, Public Speaking, Time Management', 'Satisfactory', 'Satisfied', 12);

INSERT INTO trends (industry, skill_alignments, career_alignments, satisfaction_alignments, position_id)
VALUES ('Finance', 'Financial Analysis, Project Management, Customer Service', 'Good', 'Satisfied', 36);

INSERT INTO trends (industry, skill_alignments, career_alignments, satisfaction_alignments, position_id)
VALUES ('Healthcare', 'Phlebotomy, Customer Service, Technical Writing', 'Excellent', 'Extremely Satisfied', 19);

INSERT INTO trends (industry, skill_alignments, career_alignments, satisfaction_alignments, position_id)
VALUES ('Supply Chain', 'Supply Chain Management, Data Analysis, Project Management', 'Good', 'Satisfied', 18);

INSERT INTO trends (industry, skill_alignments, career_alignments, satisfaction_alignments, position_id)
VALUES ('Technology', 'Python Programming, Machine Learning, Web Development', 'Excellent', 'Extremely Satisfied', 2);

INSERT INTO trends (industry, skill_alignments, career_alignments, satisfaction_alignments, position_id)
VALUES ('Creative Arts', 'Photography, Acting, Design', 'Satisfactory', 'Satisfied With Reservations', 6);

INSERT INTO trends (industry, skill_alignments, career_alignments, satisfaction_alignments, position_id)
VALUES ('Cybersecurity', 'Network Security, Cloud Computing, Quality Assurance Testing', 'Excellent', 'Satisfied', 15);

INSERT INTO trends (industry, skill_alignments, career_alignments, satisfaction_alignments, position_id)
VALUES ('Chemical Engineering', 'Titration, Pipetting, Technical Writing', 'Good', 'Satisfied', 3);

INSERT INTO trends (industry, skill_alignments, career_alignments, satisfaction_alignments, position_id)
VALUES ('Education', 'Team Leadership, Public Speaking, Time Management', 'Satisfactory', 'Satisfied', 22);

INSERT INTO trends (industry, skill_alignments, career_alignments, satisfaction_alignments, position_id)
VALUES ('Finance', 'Financial Analysis, Project Management, Customer Service', 'Good', 'Satisfied', 4);

INSERT INTO trends (industry, skill_alignments, career_alignments, satisfaction_alignments, position_id)
VALUES ('Healthcare', 'Phlebotomy, Customer Service, Technical Writing', 'Excellent', 'Extremely Satisfied', 29);

INSERT INTO trends (industry, skill_alignments, career_alignments, satisfaction_alignments, position_id)
VALUES ('Supply Chain', 'Supply Chain Management, Data Analysis, Project Management', 'Good', 'Satisfied', 1);

INSERT INTO trends (industry, skill_alignments, career_alignments, satisfaction_alignments, position_id)
VALUES ('Creative Arts', 'Photography, Acting, Design', 'Satisfactory', 'Satisfied With Reservations', 11);

INSERT INTO trends (industry, skill_alignments, career_alignments, satisfaction_alignments, position_id)
VALUES ('Technology', 'Python Programming, SQL Database Management, Machine Learning', 'Good', 'Satisfied', 5);

INSERT INTO trends (industry, skill_alignments, career_alignments, satisfaction_alignments, position_id)
VALUES ('Engineering', 'Cloud Computing, Technical Writing, Data Analysis', 'Excellent', 'Extremely Satisfied', 13);

INSERT INTO trends (industry, skill_alignments, career_alignments, satisfaction_alignments, position_id)
VALUES ('Finance', 'Financial Analysis, SQL Database Management, Project Management', 'Good', 'Satisfied', 23);


INSERT INTO review (student_id, review_text, rating, position_id)
VALUES (1, 'I learned how to manage large datasets and improved my Python skills. However, the workload was often overwhelming.', 3.5, 26);

INSERT INTO review (student_id, review_text, rating, position_id)
VALUES (2, 'This co-op improved my financial modeling skills. The environment was fast-paced, which could be challenging.', 3.8, 25);

INSERT INTO review (student_id, review_text, rating, position_id)
VALUES (3, 'I developed technical writing and phlebotomy skills. It was a rewarding experience with reasonable hours.', 4.6, 24);

INSERT INTO review (student_id, review_text, rating, position_id)
VALUES (8, 'I gained hands-on experience in app development, but the deadlines were unrealistic at times.', 3.4, 22);

INSERT INTO review (student_id, review_text, rating, position_id)
VALUES (9, 'I improved my graphic design skills, but the feedback process was slow and unclear.', 3.3, 8);

INSERT INTO review (student_id, review_text, rating, position_id)
VALUES (9, 'Public speaking and teamwork were key components. While rewarding, the co-op felt unstructured at times.', 3.9, 12);

INSERT INTO review (student_id, review_text, rating, position_id)
VALUES (11, 'Great exposure to laboratory techniques. The work environment, however, could be stressful.', 3.4, 7);

INSERT INTO review (student_id, review_text, rating, position_id)
VALUES (13, 'I enjoyed working on financial data analysis. The work culture, though, could have been more inclusive.', 3.7, 4);

INSERT INTO review (student_id, review_text, rating, position_id)
VALUES (14, 'I learned technical writing skills, but the workload was heavier than expected for an intern position.', 3.4, 19);

INSERT INTO review (student_id, review_text, rating, position_id)
VALUES (15, 'This role was about supply chain analysis. It was intense, but I learned valuable project management skills.', 3.8, 5);

INSERT INTO review (student_id, review_text, rating, position_id)
VALUES (16, 'This position improved my programming skills. The mentorship provided made up for occasional miscommunication.', 4.1, 2);

INSERT INTO review (student_id, review_text, rating, position_id)
VALUES (17, 'The co-op focused on creative tasks. However, the lack of collaboration opportunities was disappointing.', 3.5, 6);

INSERT INTO review (student_id, review_text, rating, position_id)
VALUES (18, 'The role emphasized security testing. The pace was demanding, but the skills I learned were worthwhile.', 3.9, 15);

INSERT INTO review (student_id, review_text, rating, position_id)
VALUES (20, 'The co-op revolved around financial modeling. Great for students, though the expectations were unclear initially.', 3.9, 9);

INSERT INTO review (student_id, review_text, rating, position_id)
VALUES (24, 'The co-op involved healthcare customer service. While fulfilling, the environment could be overwhelming.', 3.6, 29);

INSERT INTO review (student_id, review_text, rating, position_id)
VALUES (26, 'I developed my skills in cybersecurity. The workload was heavy, but it was a good learning experience.', 4.0, 21);

INSERT INTO review (student_id, review_text, rating, position_id)
VALUES (27, 'This co-op gave me exposure to supply chain processes. However, there was minimal opportunity for creative input.', 3.5, 12);

INSERT INTO review (student_id, review_text, rating, position_id)
VALUES (28, 'The co-op was great for my career development. However, the work intensity could be too much at times.', 3.6, 8);

INSERT INTO review (student_id, review_text, rating, position_id)
VALUES (33, 'Working in marketing was fulfilling, but I wish I had more hands-on experience with actual campaigns.', 3.2, 22);

INSERT INTO review (student_id, review_text, rating, position_id)
VALUES (35, 'Great exposure to laboratory work. The team was supportive but the hours were long.', 4.1, 14);

INSERT INTO review (student_id, review_text, rating, position_id)
VALUES (1, 'The internship was excellent. I learned a lot about data analysis and Python programming. Would recommend to students with strong analytical skills.', 4.2, 10);

INSERT INTO review (student_id, review_text, rating, position_id)
VALUES (2, 'I learned a lot about working with data sets, but the hours were longer than expected. Overall, it was a great experience.', 3.7, 20);

INSERT INTO review (student_id, review_text, rating, position_id)
VALUES (3, 'Great co-op for someone looking to improve laboratory techniques. The team was very supportive, but the job could get repetitive.', 3.8, 5);

INSERT INTO review (student_id, review_text, rating, position_id)
VALUES (8, 'I worked on multiple software development projects. The work pace was fast and deadlines were tight. Would recommend to students looking to gain coding experience.', 4.1, 22);

INSERT INTO review (student_id, review_text, rating, position_id)
VALUES (9, 'Great exposure to marketing strategies. It was an excellent experience, but the team lacked coordination and feedback was slow.', 3.6, 17);

INSERT INTO review (student_id, review_text, rating, position_id)
VALUES (11, 'I enjoyed working on creative tasks and improving my public speaking skills. The environment, however, was sometimes stressful due to conflicting deadlines.', 3.4, 12);

INSERT INTO review (student_id, review_text, rating, position_id)
VALUES (11, 'Great exposure to laboratory techniques. However, there were long hours and not enough guidance from the team.', 3.2, 18);

INSERT INTO review (student_id, review_text, rating, position_id)
VALUES (13, 'The role provided me with great data analysis experience. However, I wish the work environment had been a bit less chaotic.', 3.5, 15);

INSERT INTO review (student_id, review_text, rating, position_id)
VALUES (14, 'The internship was really helpful for learning financial analysis. However, the role could have been less repetitive.', 3.8, 19);

INSERT INTO review (student_id, review_text, rating, position_id)
VALUES (15, 'I learned a lot in the supply chain analysis field, but the lack of creative freedom in the job was a bit disappointing.', 3.4, 11);

INSERT INTO review (student_id, review_text, rating, position_id)
VALUES (16, 'This internship provided excellent exposure to programming. The team was very helpful, though the deadlines were tight.', 4.3, 6);

INSERT INTO review (student_id, review_text, rating, position_id)
VALUES (17, 'I learned a lot about cybersecurity. However, the workload was intense and didnt always allow for proper work-life balance.', 3.9, 28);

INSERT INTO review (student_id, review_text, rating, position_id)
VALUES (18, 'Great experience working in security testing. However, the environment was stressful and lacked proper mentorship.', 3.6, 9);

INSERT INTO review (student_id, review_text, rating, position_id)
VALUES (20, 'This internship involved a lot of data analysis. The team was very collaborative, but the workload was more than expected.', 3.8, 17);

INSERT INTO review (student_id, review_text, rating, position_id)
VALUES (24, 'The healthcare co-op was a good experience, though I felt like I didnt get enough exposure to the clinical side.', 3.4, 13);

INSERT INTO review (student_id, review_text, rating, position_id)
VALUES (26, 'Cybersecurity co-op was very beneficial to my career. However, the learning curve was steep, and the expectations were high.', 4.0, 5);

INSERT INTO review (student_id, review_text, rating, position_id)
VALUES (27, 'I had a great experience in supply chain analysis. However, the work was very process-driven and lacked creativity.', 3.7, 6);

INSERT INTO review (student_id, review_text, rating, position_id)
VALUES (28, 'I developed my programming skills, but the intense workload made it hard to manage other responsibilities.', 3.3, 22);

INSERT INTO review (student_id, review_text, rating, position_id)
VALUES (33, 'I worked on projects related to marketing strategy. It was a great learning experience, but the team was not very communicative.', 3.8, 29);

INSERT INTO review (student_id, review_text, rating, position_id)
VALUES (35, 'Great exposure to laboratory work. The team was supportive but the hours were long.', 4.2, 16);
